{
  "hyperparameters": {
    "epochs": 25,
    "learning_rate": 0.005,
    "batch_size": 256,
    "optimizer": "SGD",
    "activation": "RELU",
    "dropout": 0.2
  },
  "device": {
    "type": "gpu",
    "parallel": true,
    "devices": [
      {
        "id": 0,
        "device_name": "Tesla V100-SXM2-32GB",
        "total_memory (MB)": 32480.5
      },
      {
        "id": 1,
        "device_name": "Tesla V100-SXM2-32GB",
        "total_memory (MB)": 32480.5
      }
    ]
  },
  "metrics": {
    "training_loss": 0.01796310044846431,
    "training_accuracy": 0.9971208963001563,
    "validation_loss": 0.01084095720414904,
    "validation_accuracy": 0.9988273921200751,
    "test_loss": 0.012402945263915744,
    "test_accuracy": 0.9971280873061459,
    "runtime (secs)": 2360.526421070099
  },
  "training_history": [
    [
      2.5070417088851014,
      1.7942509805507552,
      0.3261203752326866,
      0.5578095684803002
    ],
    [
      1.233982360661185,
      0.7871673511966756,
      0.6490229285589539,
      0.7978424013891094
    ],
    [
      0.5972678947038735,
      0.3864618416519147,
      0.8165711308469866,
      0.9046669791384441
    ],
    [
      0.3730753128791986,
      0.23666235994666424,
      0.8863991662572609,
      0.9440666041275797
    ],
    [
      0.25607220802442554,
      0.15732321397560398,
      0.9235669619034453,
      0.9671669793621013
    ],
    [
      0.19068077335278774,
      0.11176990423400451,
      0.9446717039752341,
      0.9801829268292683
    ],
    [
      0.1463495055133008,
      0.0836640615260847,
      0.959536216810633,
      0.9855769230769231
    ],
    [
      0.11781476638228897,
      0.0655694835265403,
      0.9679390308259365,
      0.9894465290806754
    ],
    [
      0.09709460806953776,
      0.05294630048170993,
      0.9743746742412036,
      0.9929643527204502
    ],
    [
      0.07912216600246141,
      0.04283809013259344,
      0.9800807713157749,
      0.9947232645403377
    ],
    [
      0.06867072183042842,
      0.035874692174495945,
      0.9827253777326054,
      0.9963649155722326
    ],
    [
      0.05786464469096759,
      0.031092199613995446,
      0.9862298071229129,
      0.9965994371482176
    ],
    [
      0.05143266574961559,
      0.02738136315533077,
      0.9881318395494358,
      0.9976547842401501
    ],
    [
      0.04402982811674033,
      0.023869655311708714,
      0.9900729547135838,
      0.9971857410881801
    ],
    [
      0.04013590935565271,
      0.021748708400309198,
      0.9910109431312505,
      0.9978893058161351
    ],
    [
      0.03552422602139239,
      0.019148415966242494,
      0.9922485670116558,
      0.99812382739212
    ],
    [
      0.032147917375861514,
      0.017678200749516152,
      0.993381969775925,
      0.99812382739212
    ],
    [
      0.03030276557914971,
      0.01641628464795719,
      0.993720687789927,
      0.9982410881801126
    ],
    [
      0.02751899866281449,
      0.015413333114942512,
      0.9946195935383012,
      0.9984756097560976
    ],
    [
      0.0253523818572955,
      0.013913295731493613,
      0.9951406982803543,
      0.9984756097560976
    ],
    [
      0.023608075231391357,
      0.013370347570096742,
      0.9958311620635748,
      0.9985928705440901
    ],
    [
      0.021556384087680465,
      0.01243788451192233,
      0.9962219906201146,
      0.9988273921200751
    ],
    [
      0.0203082088381052,
      0.01190501540998874,
      0.9964043772798332,
      0.9988273921200751
    ],
    [
      0.020107005416197726,
      0.011512203858885739,
      0.9965216258964916,
      0.9984756097560976
    ],
    [
      0.01796310044846431,
      0.01084095720414904,
      0.9971208963001563,
      0.9988273921200751
    ]
  ],
  "test_history": [
    [
      0.012402945263915744,
      0.9971280873061459
    ]
  ],
  "data": {
    "training": {
      "num_samples": 76760,
      "num_batches": 300
    }
  }
}