{
  "hyperparameters": {
    "epochs": 25,
    "learning_rate": 0.005,
    "batch_size": 256,
    "optimizer": "SGD",
    "activation": "RELU",
    "dropout": 0.2
  },
  "device": {
    "type": "gpu",
    "parallel": true,
    "devices": [
      {
        "id": 0,
        "device_name": "Tesla V100-SXM2-32GB",
        "total_memory (MB)": 32480.5
      },
      {
        "id": 1,
        "device_name": "Tesla V100-SXM2-32GB",
        "total_memory (MB)": 32480.5
      },
      {
        "id": 2,
        "device_name": "Tesla V100-SXM2-32GB",
        "total_memory (MB)": 32480.5
      },
      {
        "id": 3,
        "device_name": "Tesla V100-SXM2-32GB",
        "total_memory (MB)": 32480.5
      }
    ]
  },
  "metrics": {
    "training_loss": 0.019925197708134605,
    "training_accuracy": 0.9962089630015634,
    "validation_loss": 0.011748890769903812,
    "validation_accuracy": 0.9978893058161351,
    "test_loss": 0.014260778236772602,
    "test_accuracy": 0.9954049407853812,
    "runtime (secs)": 2350.787632703781
  },
  "training_history": [
    [
      2.987748480464345,
      2.686172722875513,
      0.17529963526084685,
      0.28893058166942276
    ],
    [
      1.83176040900381,
      1.282038032002118,
      0.506487754069622,
      0.6890243904675596
    ],
    [
      0.9586435953299784,
      0.5701665164829419,
      0.7353830119232886,
      0.8659709191009206
    ],
    [
      0.4805196370383984,
      0.2862317919954797,
      0.8567352787724009,
      0.9343339587242027
    ],
    [
      0.31388062886920925,
      0.18272575557120074,
      0.9062532568425173,
      0.9602485926468869
    ],
    [
      0.2242841236475795,
      0.12647380404467878,
      0.9347837414761395,
      0.9757270171092107
    ],
    [
      0.16725268928472917,
      0.09384217348096519,
      0.9519150599705297,
      0.982176360448798
    ],
    [
      0.1335607739911842,
      0.0728486167864549,
      0.963561750874661,
      0.9867495310686766
    ],
    [
      0.10879347512984786,
      0.058487762625400834,
      0.9703621677770908,
      0.9899155722326454
    ],
    [
      0.08910984503005308,
      0.048712622604942676,
      0.9771365294921144,
      0.9912054410123915
    ],
    [
      0.07304228794192696,
      0.04056425902845712,
      0.9816701406796442,
      0.9934333958724203
    ],
    [
      0.06387050169141048,
      0.03482795146068533,
      0.9842626367216623,
      0.9940196998123827
    ],
    [
      0.055272998042315356,
      0.03038330718623317,
      0.9871287128029546,
      0.9955440900562852
    ],
    [
      0.05231771071273067,
      0.027551149100232975,
      0.9874544033847668,
      0.9954268292682927
    ],
    [
      0.043707116292580894,
      0.02397415875396071,
      0.9899817613837245,
      0.9960131332082551
    ],
    [
      0.039457903848208756,
      0.021299814581731247,
      0.9911933297909692,
      0.9967166979362101
    ],
    [
      0.035758419792639086,
      0.01953435419773854,
      0.9924439812402293,
      0.9968339587242027
    ],
    [
      0.031927366417101304,
      0.017965237989210948,
      0.9932516935904117,
      0.9965994371482176
    ],
    [
      0.02957379816079618,
      0.01648302244172758,
      0.99402032308494,
      0.9969512195121951
    ],
    [
      0.028060602668892164,
      0.01552864792450955,
      0.9940072955160851,
      0.9973030018761726
    ],
    [
      0.02617580023579156,
      0.01437563984698527,
      0.9946847316310579,
      0.9977720450281425
    ],
    [
      0.024064174412888995,
      0.013860631611820233,
      0.9953882230328296,
      0.9975375234521576
    ],
    [
      0.02246821634141401,
      0.013101814608273095,
      0.9955054715997915,
      0.9974202626641651
    ],
    [
      0.020282329397432314,
      0.011906377985150908,
      0.9965867639395518,
      0.9975375234521576
    ],
    [
      0.019925197708134605,
      0.011748890769903812,
      0.9962089630015634,
      0.9978893058161351
    ]
  ],
  "test_history": [
    [
      0.014260778236772602,
      0.9954049407853812
    ]
  ],
  "data": {
    "training": {
      "num_samples": 76760,
      "num_batches": 300
    },
    "validation": {
      "num_samples": 8528,
      "num_batches": 34
    },
    "testing": {
      "num_samples": 1741,
      "num_batches": 7
    }
  }
}