{
  "hyperparameters": {
    "epochs": 25,
    "learning_rate": 0.005,
    "batch_size": 512,
    "optimizer": "SGD",
    "activation": "RELU",
    "dropout": 0.2
  },
  "device": {
    "type": "gpu",
    "parallel": true,
    "devices": [
      {
        "id": 0,
        "device_name": "Tesla V100-SXM2-32GB",
        "total_memory (MB)": 32480.5
      },
      {
        "id": 1,
        "device_name": "Tesla V100-SXM2-32GB",
        "total_memory (MB)": 32480.5
      },
      {
        "id": 2,
        "device_name": "Tesla V100-SXM2-32GB",
        "total_memory (MB)": 32480.5
      },
      {
        "id": 3,
        "device_name": "Tesla V100-SXM2-32GB",
        "total_memory (MB)": 32480.5
      }
    ]
  },
  "metrics": {
    "training_loss": 0.05405149106295423,
    "training_accuracy": 0.9891740489465735,
    "validation_loss": 0.03349314855086647,
    "validation_accuracy": 0.995309569374929,
    "test_loss": 0.03427227282664476,
    "test_accuracy": 0.9942561746122918,
    "runtime (secs)": 2329.822719335556
  },
  "training_history": [
    [
      3.3337658969358333,
      3.3048624858176283,
      0.06098228245973587,
      0.08384146334474127
    ],
    [
      3.1352709957806626,
      3.0248981032094187,
      0.15846795208787098,
      0.20321294581465157
    ],
    [
      2.6126639779872605,
      2.3261404489263136,
      0.2893303803660834,
      0.38379455893169423
    ],
    [
      2.363540565638321,
      1.9934701268713202,
      0.3444111516694342,
      0.46810506544238406
    ],
    [
      1.691636657851509,
      1.399338918823686,
      0.5076211568835877,
      0.6190196989177539
    ],
    [
      1.2002995741249312,
      0.9649430025809254,
      0.6458181345630525,
      0.7431988742964353
    ],
    [
      0.8585583484067216,
      0.6729957279076496,
      0.7477592496526558,
      0.8314962467601554
    ],
    [
      0.6323273037174457,
      0.4865634409504581,
      0.8176654506810572,
      0.8825046913261485
    ],
    [
      0.48778053703812524,
      0.36354330327452683,
      0.8600182387032442,
      0.9173311455835769
    ],
    [
      0.38016446731002335,
      0.27743922294192647,
      0.8939942679472302,
      0.9401969985711418
    ],
    [
      0.3094290821036055,
      0.2196128396893979,
      0.9149035957407492,
      0.9568480311370477
    ],
    [
      0.25174104727886193,
      0.17662166193211504,
      0.931696195817354,
      0.9663461531751822
    ],
    [
      0.21262132374957057,
      0.14480437953409514,
      0.9436946326522171,
      0.9725609759452419
    ],
    [
      0.1799217463766553,
      0.120614829237309,
      0.9530224075349686,
      0.9778377114049042
    ],
    [
      0.15318992035410067,
      0.10117569112867172,
      0.9620635748841354,
      0.9828799252885815
    ],
    [
      0.1321912911004732,
      0.08672345073205222,
      0.967600312749814,
      0.9849906194724464
    ],
    [
      0.11835048785816574,
      0.07583246176003515,
      0.9713131838195208,
      0.9873358356796107
    ],
    [
      0.10460252949988363,
      0.06690747201386804,
      0.9749218341768751,
      0.9894465285215324
    ],
    [
      0.09103340285870481,
      0.05805187984797789,
      0.9791036999679096,
      0.9912054398941055
    ],
    [
      0.08332090436123261,
      0.052987383087960686,
      0.9816571129865482,
      0.9923780496751167
    ],
    [
      0.07662895841911288,
      0.04754525576115325,
      0.9829077644233842,
      0.9933161359790565
    ],
    [
      0.06936264541533976,
      0.04353998900578125,
      0.9850052109542398,
      0.9937851791310266
    ],
    [
      0.06483365334279217,
      0.03901223607682824,
      0.9858389785974333,
      0.9947232654349665
    ],
    [
      0.05941195378915726,
      0.03653732685837021,
      0.9875325690277421,
      0.9944887438589816
    ],
    [
      0.05405149106295423,
      0.03349314855086647,
      0.9891740489465735,
      0.995309569374929
    ]
  ],
  "test_history": [
    [
      0.03427227282664476,
      0.9942561746122918
    ]
  ],
  "data": {
    "training": {
      "num_samples": 76760,
      "num_batches": 150
    },
    "validation": {
      "num_samples": 8528,
      "num_batches": 17
    },
    "testing": {
      "num_samples": 1741,
      "num_batches": 4
    }
  }
}