{
  "hyperparameters": {
    "epochs": 25,
    "learning_rate": 0.005,
    "batch_size": 128,
    "optimizer": "SGD",
    "activation": "RELU",
    "dropout": 0.2
  },
  "device": {
    "type": "gpu",
    "parallel": true,
    "devices": [
      {
        "id": 0,
        "device_name": "Tesla V100-SXM2-32GB",
        "total_memory (MB)": 32480.5
      }
    ]
  },
  "metrics": {
    "training_loss": 0.009560834529162726,
    "training_accuracy": 0.9987232933819697,
    "validation_loss": 0.005650576238134285,
    "validation_accuracy": 0.9991791744840526,
    "test_loss": 0.005603950773459409,
    "test_accuracy": 0.9988512349224583,
    "runtime (secs)": 2500.8206968307495
  },
  "training_history": [
    [
      2.6761935997655333,
      1.8512154895861197,
      0.2602918186462317,
      0.5011726081035821
    ],
    [
      1.0964253815031721,
      0.5745618319869266,
      0.6743616466723488,
      0.8518996249891356
    ],
    [
      0.455299928972285,
      0.24003294473741113,
      0.8595362167609365,
      0.9458255158356386
    ],
    [
      0.24429034487445755,
      0.1216726889362031,
      0.9264851485272756,
      0.9751407130574196
    ],
    [
      0.14917501707742337,
      0.07225857375934021,
      0.9569046378446284,
      0.9871013134326542
    ],
    [
      0.10316216074136038,
      0.04776338275389197,
      0.9717821782178218,
      0.9927298311444653
    ],
    [
      0.07473260524637566,
      0.034436731258543525,
      0.9807582073996873,
      0.9946060037523452
    ],
    [
      0.05321721591971671,
      0.02653528701716695,
      0.9870114643043252,
      0.9962476547842402
    ],
    [
      0.04470495344627379,
      0.0211839262731583,
      0.9890698280354351,
      0.9967166979362101
    ],
    [
      0.037916981820220935,
      0.017290567198163683,
      0.9911672746221991,
      0.9977720450281425
    ],
    [
      0.030313484683640615,
      0.014493659390293859,
      0.9934340802501302,
      0.9984756097560976
    ],
    [
      0.02566969596624079,
      0.012545114383101463,
      0.9942939030745179,
      0.9987101313320825
    ],
    [
      0.02347705087150336,
      0.011064435535339432,
      0.9951537258989057,
      0.9988273921200751
    ],
    [
      0.02033709192608734,
      0.010261254063606486,
      0.9958051068264722,
      0.9987101313320825
    ],
    [
      0.018282408245784337,
      0.009189993536229093,
      0.9964564877540386,
      0.99906191369606
    ],
    [
      0.01565299731106102,
      0.008017646997999296,
      0.9971208963001563,
      0.9991791744840526
    ],
    [
      0.01455937441333608,
      0.007585627836739648,
      0.9971208963001563,
      0.9994136960600375
    ],
    [
      0.013134162906613619,
      0.006913139829045165,
      0.9978504429390307,
      0.999296435272045
    ],
    [
      0.011835477823028054,
      0.006669930400812604,
      0.9981109953100573,
      0.9994136960600375
    ],
    [
      0.011520060205782622,
      0.006453483907145921,
      0.9984106305367378,
      0.9995309568480301
    ],
    [
      0.01053113335430032,
      0.006182388225605268,
      0.9985278791036999,
      0.9991791744840526
    ],
    [
      0.010002072587916981,
      0.0060163639056868504,
      0.9986321000521104,
      0.999296435272045
    ],
    [
      0.010057375336540528,
      0.0056606484170807405,
      0.9985278791036999,
      0.999296435272045
    ],
    [
      0.0095325231862484,
      0.005575051505859473,
      0.9986972381448671,
      0.9991791744840526
    ],
    [
      0.009560834529162726,
      0.005650576238134285,
      0.9987232933819697,
      0.9991791744840526
    ]
  ],
  "test_history": [
    [
      0.005603950773459409,
      0.9988512349224583
    ]
  ],
  "data": {
    "training": {
      "num_samples": 76760,
      "num_batches": 600
    },
    "validation": {
      "num_samples": 8528,
      "num_batches": 67
    },
    "testing": {
      "num_samples": 1741,
      "num_batches": 14
    }
  }
}