{
  "hyperparameters": {
    "epochs": 25,
    "learning_rate": 0.005,
    "batch_size": 512,
    "optimizer": "SGD",
    "activation": "RELU",
    "dropout": 0.2
  },
  "device": {
    "type": "gpu",
    "parallel": true,
    "devices": [
      {
        "id": 0,
        "device_name": "Tesla V100-SXM2-32GB",
        "total_memory (MB)": 32480.5
      },
      {
        "id": 1,
        "device_name": "Tesla V100-SXM2-32GB",
        "total_memory (MB)": 32480.5
      }
    ]
  },
  "metrics": {
    "training_loss": 0.0381366326203332,
    "training_accuracy": 0.9925221468956288,
    "validation_loss": 0.02265681425986661,
    "validation_accuracy": 0.997772045475457,
    "test_loss": 0.023213096249726638,
    "test_accuracy": 0.9971280878539198,
    "runtime (secs)": 2417.130973815918
  },
  "training_history": [
    [
      3.193277101929204,
      3.053008759446708,
      0.11894215737829114,
      0.18187148203657447
    ],
    [
      2.39822876303068,
      1.9884139196510386,
      0.3346143825033048,
      0.48827392136849335
    ],
    [
      1.7430552631073037,
      1.3343997972320214,
      0.4977331942229795,
      0.6581848036728478
    ],
    [
      1.0401665176122743,
      0.7824791485328388,
      0.6956878582222379,
      0.8069887427406955
    ],
    [
      0.6958629489441972,
      0.5168772921329592,
      0.7969645650204176,
      0.8802767360188053
    ],
    [
      0.4887150787698409,
      0.3569869292274425,
      0.8595752998029521,
      0.9221388378912692
    ],
    [
      0.36983370878163446,
      0.26195595289037105,
      0.8963001564121793,
      0.9448874286370698
    ],
    [
      0.289800525314178,
      0.20095016965275633,
      0.9194502343604688,
      0.9625938096368514
    ],
    [
      0.22946260604558977,
      0.15599411675675054,
      0.938822303295384,
      0.9727954983040271
    ],
    [
      0.19173785322590878,
      0.12697709423068765,
      0.9490750390580075,
      0.9780722324217461
    ],
    [
      0.157550393096198,
      0.1040514640747718,
      0.9596404378335882,
      0.9826454041599109
    ],
    [
      0.13536348007988222,
      0.08790586311474974,
      0.966102136709592,
      0.9862804876930494
    ],
    [
      0.11806170706204787,
      0.07541475435247118,
      0.9712871285637821,
      0.9883911818769143
    ],
    [
      0.10182378258849259,
      0.06514959151928242,
      0.9755992703601803,
      0.9902673535901655
    ],
    [
      0.09057093849983174,
      0.05641423063754588,
      0.9790125064019923,
      0.9919090050693748
    ],
    [
      0.07953324779565288,
      0.05040496487107554,
      0.9822303282214428,
      0.9929643517139929
    ],
    [
      0.07551273181840366,
      0.045275303096585603,
      0.9824517977181793,
      0.9941369600412322
    ],
    [
      0.0670784110495546,
      0.040385570509907896,
      0.9852527357812596,
      0.994371483070989
    ],
    [
      0.06031080420173165,
      0.03690222312484852,
      0.9874153204048717,
      0.9960131322017978
    ],
    [
      0.05729148099475568,
      0.03337853346683966,
      0.9876237623576015,
      0.996599437595532
    ],
    [
      0.0519327619482354,
      0.031008137903730148,
      0.9891870765651247,
      0.996599437595532
    ],
    [
      0.04742452500173516,
      0.027949674841275134,
      0.9903595622347443,
      0.997303002323487
    ],
    [
      0.04387595427686998,
      0.02607493317820565,
      0.9915711307786541,
      0.9971857415354946
    ],
    [
      0.04093830532114322,
      0.02424220718429415,
      0.992131318339089,
      0.997303002323487
    ],
    [
      0.0381366326203332,
      0.02265681425986661,
      0.9925221468956288,
      0.997772045475457
    ]
  ],
  "test_history": [
    [
      0.023213096249726638,
      0.9971280878539198
    ]
  ],
  "data": {
    "training": {
      "num_samples": 76760,
      "num_batches": 150
    },
    "validation": {
      "num_samples": 8528,
      "num_batches": 17
    },
    "testing": {
      "num_samples": 1741,
      "num_batches": 4
    }
  }
}