{
  "hyperparameters": {
    "epochs": 25,
    "learning_rate": 0.005,
    "batch_size": 128,
    "optimizer": "SGD",
    "activation": "RELU",
    "dropout": 0.2
  },
  "device": {
    "type": "gpu",
    "parallel": true,
    "devices": [
      {
        "id": 0,
        "device_name": "Tesla V100-SXM2-32GB",
        "total_memory (MB)": 32480.5
      },
      {
        "id": 1,
        "device_name": "Tesla V100-SXM2-32GB",
        "total_memory (MB)": 32480.5
      },
      {
        "id": 2,
        "device_name": "Tesla V100-SXM2-32GB",
        "total_memory (MB)": 32480.5
      }
    ]
  },
  "metrics": {
    "training_loss": 0.01011638920907069,
    "training_accuracy": 0.9984757686294945,
    "validation_loss": 0.006548149444819839,
    "validation_accuracy": 0.99906191369606,
    "test_loss": 0.0048483797087719785,
    "test_accuracy": 0.9988512349224583,
    "runtime (secs)": 2296.4914932250977
  },
  "training_history": [
    [
      2.188206140916754,
      1.249986057433581,
      0.37460917141239986,
      0.6654549718574109
    ],
    [
      0.7887395683740066,
      0.4097964191638059,
      0.7550677436040428,
      0.9053705443137134
    ],
    [
      0.37315391863212416,
      0.1936369904545861,
      0.8843538301447023,
      0.9576688557583664
    ],
    [
      0.2213815899139708,
      0.10766185122571788,
      0.9335200625574173,
      0.9785412757973734
    ],
    [
      0.14277045384569675,
      0.06465906831549435,
      0.9591974987096622,
      0.9896810506566605
    ],
    [
      0.10130738766010755,
      0.04450110317422794,
      0.9712219906201146,
      0.9935506566604128
    ],
    [
      0.07522062494372439,
      0.0327161216783367,
      0.9799765502990317,
      0.9957786116322702
    ],
    [
      0.05708221469856818,
      0.026017935144562992,
      0.9854351224596144,
      0.9963649155722326
    ],
    [
      0.049996574885984024,
      0.021549604843609998,
      0.987754038574175,
      0.9970684803001876
    ],
    [
      0.03871789252489355,
      0.017794457206582934,
      0.9903725899029922,
      0.9976547842401501
    ],
    [
      0.03208944333494952,
      0.01533044743094782,
      0.9926003126628452,
      0.9978893058161351
    ],
    [
      0.02671452735275527,
      0.012993488872710329,
      0.9940724335591454,
      0.9984756097560976
    ],
    [
      0.023697091111891,
      0.012033622998894518,
      0.9950625325690464,
      0.998358348968105
    ],
    [
      0.021971126562984174,
      0.010923517466912405,
      0.9955836373110996,
      0.99906191369606
    ],
    [
      0.02020911900166455,
      0.010268592365229359,
      0.9961047420531527,
      0.9988273921200751
    ],
    [
      0.01835398795786874,
      0.009508520475716294,
      0.9963652944241793,
      0.9989446529080676
    ],
    [
      0.01550670351605977,
      0.009208957429653764,
      0.9971730067743616,
      0.9988273921200751
    ],
    [
      0.014936469612694566,
      0.008415166868725146,
      0.9974075039082856,
      0.99906191369606
    ],
    [
      0.014169422657107193,
      0.007849759781317293,
      0.9976680562793121,
      0.999296435272045
    ],
    [
      0.01289502685436316,
      0.007616343239006039,
      0.9977722772277228,
      0.9991791744840526
    ],
    [
      0.012090356322490708,
      0.007043800758823445,
      0.9980458572173007,
      0.999296435272045
    ],
    [
      0.01118851308094521,
      0.006470548670466353,
      0.9982542991141219,
      0.999296435272045
    ],
    [
      0.010087858214236722,
      0.006562305772048028,
      0.9987102657758425,
      0.999296435272045
    ],
    [
      0.010719107997610024,
      0.006571006875548085,
      0.9984887962480459,
      0.9991791744840526
    ],
    [
      0.01011638920907069,
      0.006548149444819839,
      0.9984757686294945,
      0.99906191369606
    ]
  ],
  "test_history": [
    [
      0.0048483797087719785,
      0.9988512349224583
    ]
  ],
  "data": {
    "training": {
      "num_samples": 76760,
      "num_batches": 600
    },
    "validation": {
      "num_samples": 8528,
      "num_batches": 67
    },
    "testing": {
      "num_samples": 1741,
      "num_batches": 14
    }
  }
}