{
  "hyperparameters": {
    "epochs": 25,
    "learning_rate": 0.005,
    "batch_size": 256,
    "optimizer": "SGD",
    "activation": "RELU",
    "dropout": 0.2
  },
  "device": {
    "type": "gpu",
    "parallel": false,
    "devices": [
      {
        "id": 0,
        "device_name": "Tesla V100-SXM2-32GB",
        "total_memory (MB)": 32480.5
      }
    ]
  },
  "metrics": {
    "training_loss": 0.01890658577578943,
    "training_accuracy": 0.9966388744634536,
    "validation_loss": 0.01060937113158307,
    "validation_accuracy": 0.9987101313320825,
    "test_loss": 0.011016744347305252,
    "test_accuracy": 0.9988512349224583,
    "runtime (secs)": 2461.4684777259827
  },
  "training_history": [
    [
      2.62322750906574,
      2.0068801158364673,
      0.27298071910280186,
      0.47865853664128016
    ],
    [
      1.3483605053537895,
      0.8703727006464917,
      0.6076602396336367,
      0.7685272045028143
    ],
    [
      0.681270232801328,
      0.4413312577955271,
      0.7887962481079778,
      0.893996247431127
    ],
    [
      0.4111228747377798,
      0.2641160169417147,
      0.8745440333569156,
      0.9414868666799162
    ],
    [
      0.2864793826183843,
      0.1761520546048488,
      0.913796248021009,
      0.9635318948225053
    ],
    [
      0.2072722605347571,
      0.12481005014554644,
      0.9391870765464886,
      0.9752579739572407
    ],
    [
      0.15755210405544665,
      0.09340572480189197,
      0.9560317873519929,
      0.9817073172968279
    ],
    [
      0.12236629101433687,
      0.07219178692261229,
      0.9675221469825975,
      0.9883911822124002
    ],
    [
      0.1024606174994658,
      0.05828523031290879,
      0.9733194372876353,
      0.99120544112422
    ],
    [
      0.08391868178812771,
      0.04737230200201664,
      0.9788561751222536,
      0.9923780488923164
    ],
    [
      0.06848371804552565,
      0.039195586107741154,
      0.983780614953292,
      0.9942542215001964
    ],
    [
      0.059903996387703336,
      0.03338477267459119,
      0.9855263158702303,
      0.9950750470161438
    ],
    [
      0.053385979470609066,
      0.02896921283881727,
      0.9876237623576015,
      0.9961303939962477
    ],
    [
      0.04540894759150145,
      0.02510375595576432,
      0.9900078166208273,
      0.9968339588360312
    ],
    [
      0.04064308881542222,
      0.022458217271007806,
      0.9909848879624804,
      0.9969512195121951
    ],
    [
      0.0366325873419557,
      0.020727100560186503,
      0.9929129755080771,
      0.9976547842401501
    ],
    [
      0.03286505121914374,
      0.018595050688392675,
      0.993642522196648,
      0.9978893059279637
    ],
    [
      0.03078224627158414,
      0.017156198935314147,
      0.9937858259510162,
      0.9976547843519787
    ],
    [
      0.02852158229138048,
      0.015755329302059553,
      0.9941896821261074,
      0.9985928705440901
    ],
    [
      0.024629824631665447,
      0.014236956667050188,
      0.9953621678454233,
      0.9982410881801126
    ],
    [
      0.023926753001389495,
      0.013625614970614942,
      0.9955445544554455,
      0.9985928705440901
    ],
    [
      0.02218189559529432,
      0.012326011289169709,
      0.9963131839499739,
      0.9987101313320825
    ],
    [
      0.021239566823944192,
      0.011877651957141525,
      0.9963522667372954,
      0.9987101313320825
    ],
    [
      0.01944646507398715,
      0.011043832291399895,
      0.9968733715476811,
      0.9989446529080676
    ],
    [
      0.01890658577578943,
      0.01060937113158307,
      0.9966388744634536,
      0.9987101313320825
    ]
  ],
  "test_history": [
    [
      0.011016744347305252,
      0.9988512349224583
    ]
  ],
  "data": {
    "training": {
      "num_samples": 76760,
      "num_batches": 300
    },
    "validation": {
      "num_samples": 8528,
      "num_batches": 34
    },
    "testing": {
      "num_samples": 1741,
      "num_batches": 7
    }
  }
}