{
  "hyperparameters": {
    "epochs": 25,
    "learning_rate": 0.005,
    "batch_size": 128,
    "optimizer": "SGD",
    "activation": "RELU",
    "dropout": 0.2
  },
  "device": {
    "type": "gpu",
    "parallel": true,
    "devices": [
      {
        "id": 0,
        "device_name": "Tesla V100-SXM2-32GB",
        "total_memory (MB)": 32480.5
      },
      {
        "id": 1,
        "device_name": "Tesla V100-SXM2-32GB",
        "total_memory (MB)": 32480.5
      }
    ]
  },
  "metrics": {
    "training_loss": 0.007758543974661219,
    "training_accuracy": 0.9989968733715476,
    "validation_loss": 0.00438861708343728,
    "validation_accuracy": 0.9995309568480301,
    "test_loss": 0.004453336969922023,
    "test_accuracy": 1.0,
    "runtime (secs)": 2306.56361413002
  },
  "training_history": [
    [
      1.7314123514358297,
      0.7914142032725279,
      0.5013678999168293,
      0.7972560976728043
    ],
    [
      0.5053329176272869,
      0.24593743066850343,
      0.8441896821198953,
      0.9437148216517737
    ],
    [
      0.2277752782122551,
      0.10642303065108537,
      0.9322303283146236,
      0.9797138834536411
    ],
    [
      0.13446224392112685,
      0.05950814548453515,
      0.9609822824636184,
      0.9905018763962651
    ],
    [
      0.08783773495590022,
      0.03851726081564771,
      0.9763678999168293,
      0.9940196999242114
    ],
    [
      0.06310586305320605,
      0.02711087700475783,
      0.9836503387429305,
      0.9960131333200838
    ],
    [
      0.045638883081247805,
      0.020075031163041632,
      0.9889525794684731,
      0.9974202626641651
    ],
    [
      0.037908379852367974,
      0.015846816057559474,
      0.9909588327378019,
      0.9984756097560976
    ],
    [
      0.030999604359059487,
      0.013076556105634955,
      0.9931344450358738,
      0.998358348968105
    ],
    [
      0.025685799681038488,
      0.011126466252706512,
      0.9945023449713393,
      0.99906191369606
    ],
    [
      0.02192123937670485,
      0.009703965450499005,
      0.9957139135090369,
      0.9987101313320825
    ],
    [
      0.01933532023269522,
      0.009152213693378007,
      0.9964304325169359,
      0.9989446529080676
    ],
    [
      0.017830377584687276,
      0.00792077753961953,
      0.9969124544033351,
      0.9991791744840526
    ],
    [
      0.015645111700759665,
      0.007462993798878805,
      0.9974205315268369,
      0.9991791744840526
    ],
    [
      0.014557324250487377,
      0.006985942039841447,
      0.9973684210526316,
      0.9991791744840526
    ],
    [
      0.013973832969253358,
      0.006647015152949889,
      0.9973944762897342,
      0.999296435272045
    ],
    [
      0.011778605468338234,
      0.006013043378575882,
      0.9983064095883273,
      0.9994136960600375
    ],
    [
      0.011470003554198567,
      0.006043585223507479,
      0.9981500781657113,
      0.9991791744840526
    ],
    [
      0.011149025696352583,
      0.005700961284786742,
      0.9982412714955706,
      0.9995309568480301
    ],
    [
      0.01031427942556118,
      0.005157075499972472,
      0.9984627410233673,
      0.999296435272045
    ],
    [
      0.009339499877112538,
      0.004981804406707215,
      0.9988665971860344,
      0.9994136960600375
    ],
    [
      0.00843886592963622,
      0.004812145657666154,
      0.9989838457529964,
      0.9994136960600375
    ],
    [
      0.00884495069097617,
      0.00467433177955155,
      0.9989317352787911,
      0.9994136960600375
    ],
    [
      0.008062073083666268,
      0.004616500624135752,
      0.9989317352787911,
      0.9994136960600375
    ],
    [
      0.007758543974661219,
      0.00438861708343728,
      0.9989968733715476,
      0.9995309568480301
    ]
  ],
  "test_history": [
    [
      0.004453336969922023,
      1.0
    ]
  ]
}