{
  "hyperparameters": {
    "epochs": 25,
    "learning_rate": 0.005,
    "batch_size": 256,
    "optimizer": "SGD",
    "activation": "RELU",
    "dropout": 0.2
  },
  "device": {
    "type": "gpu",
    "parallel": true,
    "devices": [
      {
        "id": 0,
        "device_name": "Tesla V100-SXM2-32GB",
        "total_memory (MB)": 32480.5
      },
      {
        "id": 1,
        "device_name": "Tesla V100-SXM2-32GB",
        "total_memory (MB)": 32480.5
      },
      {
        "id": 2,
        "device_name": "Tesla V100-SXM2-32GB",
        "total_memory (MB)": 32480.5
      }
    ]
  },
  "metrics": {
    "training_loss": 0.018821612860252298,
    "training_accuracy": 0.9964564877540386,
    "validation_loss": 0.011221751264046604,
    "validation_accuracy": 0.9982410881801126,
    "test_loss": 0.011164506919262636,
    "test_accuracy": 0.9982768523836876,
    "runtime (secs)": 2028.7201731204987
  },
  "training_history": [
    [
      2.8711919511712547,
      2.4522996150082985,
      0.20868942154888812,
      0.36128048774896376
    ],
    [
      1.555872090959872,
      1.0388510177998784,
      0.5425742574071064,
      0.7277204503932545
    ],
    [
      0.8385517819403608,
      0.5472955150183773,
      0.7414017717002145,
      0.8542448405253283
    ],
    [
      0.5150628757110296,
      0.3254820771557305,
      0.8416232412280112,
      0.9194418385373271
    ],
    [
      0.3462690097581228,
      0.20980445148797242,
      0.8950885877626646,
      0.9491088181230857
    ],
    [
      0.2439299782562405,
      0.1433043082368754,
      0.9287258989678006,
      0.968808630170339
    ],
    [
      0.18337353232815093,
      0.1043103096856409,
      0.9472902553226874,
      0.9783067539977311
    ],
    [
      0.14244182143882578,
      0.07871855167745426,
      0.959966128241463,
      0.9842870544090057
    ],
    [
      0.11881197746522791,
      0.06251421385561771,
      0.9664669097805471,
      0.9879221389486016
    ],
    [
      0.09652770441365217,
      0.05093312376715229,
      0.9739708181158089,
      0.9908536585365854
    ],
    [
      0.08167383752378901,
      0.043515354457816305,
      0.978009379885357,
      0.9920262664165104
    ],
    [
      0.06996748058310767,
      0.03672283372752662,
      0.9820870245416193,
      0.9930816136202714
    ],
    [
      0.05962853503819708,
      0.03160391124157588,
      0.9852266805627932,
      0.9948405253283302
    ],
    [
      0.05019553940337483,
      0.027493841757414265,
      0.9883142262091544,
      0.9951923076923077
    ],
    [
      0.04602848116799591,
      0.024555402229527817,
      0.9890828556539865,
      0.9954268292682927
    ],
    [
      0.040470761651636225,
      0.02210409702352243,
      0.9904898384575299,
      0.9967166979362101
    ],
    [
      0.036673603207843575,
      0.020042201371314825,
      0.991623241321192,
      0.9963649155722326
    ],
    [
      0.034010675644629194,
      0.018402078365435295,
      0.9924439812402293,
      0.9969512195121951
    ],
    [
      0.0313216800056495,
      0.01695291756339525,
      0.9933298593017197,
      0.9971857410881801
    ],
    [
      0.028068358659134707,
      0.015657108231652075,
      0.9941115164147993,
      0.9976547842401501
    ],
    [
      0.025868872418192104,
      0.014290413310782771,
      0.9948280354351224,
      0.9978893058161351
    ],
    [
      0.024064031244974356,
      0.013309598306288303,
      0.9953491401771756,
      0.9977720450281425
    ],
    [
      0.022271593161598973,
      0.012204442194210432,
      0.9959484106305367,
      0.998358348968105
    ],
    [
      0.021888996152679953,
      0.012116550838340626,
      0.9958832725377801,
      0.9980065666041276
    ],
    [
      0.018821612860252298,
      0.011221751264046604,
      0.9964564877540386,
      0.9982410881801126
    ]
  ],
  "test_history": [
    [
      0.011164506919262636,
      0.9982768523836876
    ]
  ],
  "data": {
    "training": {
      "num_samples": 76760,
      "num_batches": 300
    },
    "validation": {
      "num_samples": 8528,
      "num_batches": 34
    },
    "testing": {
      "num_samples": 1741,
      "num_batches": 7
    }
  }
}