{
  "hyperparameters": {
    "epochs": 25,
    "learning_rate": 0.005,
    "batch_size": 512,
    "optimizer": "SGD",
    "activation": "RELU",
    "dropout": 0.2
  },
  "device": {
    "type": "gpu",
    "parallel": true,
    "devices": [
      {
        "id": 0,
        "device_name": "Tesla V100-SXM2-32GB",
        "total_memory (MB)": 32480.5
      }
    ]
  },
  "metrics": {
    "training_loss": 0.08145199692795958,
    "training_accuracy": 0.9786607607570149,
    "validation_loss": 0.051586295423878964,
    "validation_accuracy": 0.9893292691873118,
    "test_loss": 0.05334838613277191,
    "test_accuracy": 0.986214820712822,
    "runtime (secs)": 2674.4712460041046
  },
  "training_history": [
    [
      3.2071893120010797,
      3.060597120038117,
      0.11515112036277131,
      0.18925891190375888
    ],
    [
      2.3163385619838888,
      1.8188727823475737,
      0.3491922877150442,
      0.5364681049538375
    ],
    [
      1.7265840474487035,
      1.2827428852192233,
      0.4816701406361598,
      0.6485694190574631
    ],
    [
      1.073048960796056,
      0.8256268210527373,
      0.6587024491674395,
      0.7714587240907981
    ],
    [
      1.2313367360516598,
      0.8995811794980606,
      0.6273970818258686,
      0.7557457782761464
    ],
    [
      0.8109696187408968,
      0.6377101527146058,
      0.7489187077409963,
      0.8219981238273921
    ],
    [
      0.6433742478715063,
      0.49438598287933094,
      0.7999218344129331,
      0.8650328324614949
    ],
    [
      0.5083010378574692,
      0.3904658002992061,
      0.8435773839610141,
      0.8965759840959904
    ],
    [
      0.4263958228355028,
      0.3168178267818902,
      0.8690724334535405,
      0.919324578196649
    ],
    [
      0.35463266955060596,
      0.2614419657674113,
      0.8916753518450937,
      0.9366791734775951
    ],
    [
      0.306365494350085,
      0.21938849096562132,
      0.9070349141730188,
      0.9491088175639426
    ],
    [
      0.2653338870541263,
      0.1872765843740771,
      0.9207139134531285,
      0.9568480296832759
    ],
    [
      0.23085805108579513,
      0.16152370345078088,
      0.9321912454154853,
      0.9629455902115712
    ],
    [
      0.20521416081122398,
      0.14134751363722065,
      0.9400859822762268,
      0.9676360236323573
    ],
    [
      0.1827414117268189,
      0.12390936139488758,
      0.9459614382242398,
      0.9727954969620839
    ],
    [
      0.16238798744172836,
      0.1098010876333065,
      0.9536868161183586,
      0.9770168848824993
    ],
    [
      0.1469854721198671,
      0.09916581304335012,
      0.9579207921661766,
      0.9784240138910948
    ],
    [
      0.13129684146010298,
      0.08896682691003771,
      0.9641479936349262,
      0.9805347095287316
    ],
    [
      0.12148339566058824,
      0.08124892567380508,
      0.9662063575089133,
      0.9819418389846415
    ],
    [
      0.1126713355276161,
      0.07454465470830673,
      0.9689291299165942,
      0.984287054297177
    ],
    [
      0.1039858973541876,
      0.0683070268293259,
      0.9713001561823333,
      0.9858114440937651
    ],
    [
      0.09526237199289715,
      0.06278682737759757,
      0.9749088065210514,
      0.9863977475864131
    ],
    [
      0.0922915352150262,
      0.05937131818586622,
      0.9747655027915314,
      0.9879221378303156
    ],
    [
      0.08326621913565144,
      0.054481900242938336,
      0.9781266283591381,
      0.989212006498233
    ],
    [
      0.08145199692795958,
      0.051586295423878964,
      0.9786607607570149,
      0.9893292691873118
    ]
  ],
  "test_history": [
    [
      0.05334838613277191,
      0.986214820712822
    ]
  ],
  "data": {
    "training": {
      "num_samples": 76760,
      "num_batches": 150
    },
    "validation": {
      "num_samples": 8528,
      "num_batches": 17
    },
    "testing": {
      "num_samples": 1741,
      "num_batches": 4
    }
  }
}