{
  "hyperparameters": {
    "epochs": 25,
    "learning_rate": 0.005,
    "batch_size": 64,
    "optimizer": "SGD",
    "activation": "RELU",
    "dropout": 0.2
  },
  "device": {
    "type": "gpu",
    "parallel": true,
    "devices": [
      {
        "id": 0,
        "device_name": "Tesla V100-SXM2-32GB",
        "total_memory (MB)": 32480.5
      },
      {
        "id": 1,
        "device_name": "Tesla V100-SXM2-32GB",
        "total_memory (MB)": 32480.5
      }
    ]
  },
  "metrics": {
    "training_loss": 0.006473340219094934,
    "training_accuracy": 0.9994267847837416,
    "validation_loss": 0.0037362632563592794,
    "validation_accuracy": 1.0,
    "test_loss": 0.0038423269756014218,
    "test_accuracy": 1.0,
    "runtime (secs)": 2355.0378654003143
  },
  "training_history": [
    [
      1.3752484337900877,
      0.43055587973424686,
      0.606969775931173,
      0.8966932457786116
    ],
    [
      0.3003671541751798,
      0.09724900383662999,
      0.9064616988014591,
      0.9792448405253283
    ],
    [
      0.12512273237481908,
      0.04268809040312919,
      0.9628582595101616,
      0.9920262664165104
    ],
    [
      0.07029763889392725,
      0.02437918243220331,
      0.9802761855132882,
      0.9956613508442776
    ],
    [
      0.044271511314587245,
      0.016463722453555738,
      0.9880797290255341,
      0.9975375234521576
    ],
    [
      0.03295667243528375,
      0.012694209366757248,
      0.9916102136529442,
      0.99812382739212
    ],
    [
      0.027694176944286223,
      0.010208448370670512,
      0.993342886920271,
      0.9984756097560976
    ],
    [
      0.021964984762624543,
      0.00855024379816109,
      0.9950234497133924,
      0.9984756097560976
    ],
    [
      0.016482959463275142,
      0.00739854618934932,
      0.9966128191766546,
      0.99906191369606
    ],
    [
      0.014401753114025851,
      0.007032530280930911,
      0.997381448671183,
      0.9988273921200751
    ],
    [
      0.01268587849176197,
      0.006508470252575615,
      0.9976029181865554,
      0.9988273921200751
    ],
    [
      0.011016756547745967,
      0.0058255514329191,
      0.9980979676915059,
      0.99906191369606
    ],
    [
      0.011560827589954418,
      0.0056242829863170744,
      0.9978113600833768,
      0.999296435272045
    ],
    [
      0.009553466587404587,
      0.0051672315508071295,
      0.9985930171964564,
      0.99906191369606
    ],
    [
      0.008669322042666771,
      0.004947269387808794,
      0.9985930171964564,
      0.9991791744840526
    ],
    [
      0.008253236727654613,
      0.004505095070343304,
      0.9988665971860344,
      0.999765478424015
    ],
    [
      0.00838931249789486,
      0.004745337797597917,
      0.9987623762376238,
      0.9996482176360225
    ],
    [
      0.007163013133485842,
      0.004240080965840123,
      0.9992183428869202,
      0.999765478424015
    ],
    [
      0.007125630653301936,
      0.004235615090626042,
      0.9992704533611256,
      0.9995309568480301
    ],
    [
      0.00738888807510331,
      0.004044189126585483,
      0.999048983845753,
      0.9996482176360225
    ],
    [
      0.0065389167336946516,
      0.003831299787167089,
      0.9993616466909849,
      0.9998827392120075
    ],
    [
      0.00676111172362502,
      0.004136216349718048,
      0.9993095362167795,
      0.9996482176360225
    ],
    [
      0.006401124952235776,
      0.004293221581943934,
      0.9993877019280876,
      0.9996482176360225
    ],
    [
      0.007139535276961783,
      0.004308424568534121,
      0.999166232412715,
      0.999296435272045
    ],
    [
      0.006473340219094934,
      0.0037362632563592794,
      0.9994267847837416,
      1.0
    ]
  ],
  "test_history": [
    [
      0.0038423269756014218,
      1.0
    ]
  ],
  "data": {
    "training": {
      "num_samples": 76760,
      "num_batches": 1200
    },
    "validation": {
      "num_samples": 8528,
      "num_batches": 134
    },
    "testing": {
      "num_samples": 1741,
      "num_batches": 28
    }
  }
}