{
  "hyperparameters": {
    "epochs": 20,
    "learning_rate": 0.005,
    "batch_size": 128,
    "optimizer": "SGD",
    "activation": "RELU",
    "dropout": 0.2
  },
  "device": {
    "type": "gpu",
    "parallel": true,
    "devices": [
      {
        "id": 0,
        "device_name": "Tesla V100-SXM2-32GB",
        "total_memory (MB)": 32480.5
      },
      {
        "id": 1,
        "device_name": "Tesla V100-SXM2-32GB",
        "total_memory (MB)": 32480.5
      }
    ]
  },
  "metrics": {
    "training_loss": 0.014485546497656241,
    "training_accuracy": 0.9973944762897342,
    "validation_loss": 0.007908012918904283,
    "validation_accuracy": 0.9984756097560976,
    "test_loss": 0.3709983032952089,
    "test_accuracy": 0.9126938553050905,
    "runtime (secs)": 1857.2798840999603
  },
  "training_history": [
    [
      2.007044055351309,
      1.178308757563693,
      0.43475768628873324,
      0.7001641649913609
    ],
    [
      0.7120907274151047,
      0.3767174654002485,
      0.7770713913558733,
      0.8997420262664165
    ],
    [
      0.35285416304009104,
      0.1845796289687756,
      0.8889265242003103,
      0.9566135082191195
    ],
    [
      0.21663653146574557,
      0.10813410882095459,
      0.9329468473100985,
      0.9774859284817837
    ],
    [
      0.14589773500692477,
      0.0706569358818303,
      0.9570088587744029,
      0.9853424016127666
    ],
    [
      0.10748668253274248,
      0.051319365038433394,
      0.9688249088190942,
      0.9907363977485929
    ],
    [
      0.081351283803357,
      0.03832991224124776,
      0.9776055237226898,
      0.9928470919324578
    ],
    [
      0.0648553321599075,
      0.02966192297595527,
      0.982686294945284,
      0.9950750469043153
    ],
    [
      0.05335655843488651,
      0.024736923027580942,
      0.9858780614903596,
      0.9960131332082551
    ],
    [
      0.0467129346239514,
      0.020133148277734055,
      0.9872329338321219,
      0.9973030018761726
    ],
    [
      0.037325804267144644,
      0.018114531849551155,
      0.9908415841584158,
      0.9968339587242027
    ],
    [
      0.03186220864844452,
      0.01555088257825956,
      0.9923658155289213,
      0.9975375234521576
    ],
    [
      0.02832823690486108,
      0.0136024815486447,
      0.9937337154768109,
      0.9974202626641651
    ],
    [
      0.02427058865283696,
      0.012262310254375327,
      0.9945023449837633,
      0.998358348968105
    ],
    [
      0.021466168785130933,
      0.010744967669122774,
      0.9956096925482022,
      0.9982410881801126
    ],
    [
      0.020312185111538608,
      0.010513541735988285,
      0.9957529963522668,
      0.9985928705440901
    ],
    [
      0.017701342051199415,
      0.009678367267609145,
      0.9964434601354872,
      0.9987101313320825
    ],
    [
      0.01663613431194507,
      0.008762761082073873,
      0.9970557582073997,
      0.9988273921200751
    ],
    [
      0.015541186762625208,
      0.008071829296655491,
      0.9970818134445023,
      0.9988273921200751
    ],
    [
      0.014485546497656241,
      0.007908012918904283,
      0.9973944762897342,
      0.9984756097560976
    ]
  ],
  "test_history": [
    [
      0.3709983032952089,
      0.9126938553050905
    ]
  ]
}