{
  "hyperparameters": {
    "epochs": 25,
    "learning_rate": 0.005,
    "batch_size": 512,
    "optimizer": "SGD",
    "activation": "RELU",
    "dropout": 0.2
  },
  "device": {
    "type": "gpu",
    "parallel": true,
    "devices": [
      {
        "id": 0,
        "device_name": "Tesla V100-SXM2-32GB",
        "total_memory (MB)": 32480.5
      },
      {
        "id": 1,
        "device_name": "Tesla V100-SXM2-32GB",
        "total_memory (MB)": 32480.5
      },
      {
        "id": 2,
        "device_name": "Tesla V100-SXM2-32GB",
        "total_memory (MB)": 32480.5
      }
    ]
  },
  "metrics": {
    "training_loss": 0.041496399176414275,
    "training_accuracy": 0.9919098488609887,
    "validation_loss": 0.024187844983995743,
    "validation_accuracy": 0.9967166983835245,
    "test_loss": 0.026273508339538305,
    "test_accuracy": 0.9942561746122918,
    "runtime (secs)": 2218.399344921112
  },
  "training_history": [
    [
      3.2736126470839126,
      3.1986801830062723,
      0.08108389787201213,
      0.1291041274958659
    ],
    [
      2.811979590784205,
      2.5704269923591254,
      0.2481240229006544,
      0.3292682925151839
    ],
    [
      2.0474452857240655,
      1.7128151096054134,
      0.4608389786968261,
      0.5858348979287926
    ],
    [
      1.8124404662720173,
      1.4303417809684997,
      0.5140568003982476,
      0.6390712950064138
    ],
    [
      1.1212772713221877,
      0.8717488189128282,
      0.6862558622481986,
      0.7735694184983202
    ],
    [
      0.7496003638089107,
      0.57702383415784,
      0.7809275665464595,
      0.8535412765801735
    ],
    [
      0.5376793886858576,
      0.40465769456877715,
      0.8436946327516099,
      0.8998592868307518
    ],
    [
      0.4084155026110837,
      0.30145770557378515,
      0.8830510681032079,
      0.9269465289688468
    ],
    [
      0.32142811726318665,
      0.23256599064392175,
      0.9087024492916805,
      0.9485225140712945
    ],
    [
      0.2575545555387331,
      0.18217270761225057,
      0.9290515892887066,
      0.9624765489606876
    ],
    [
      0.21035786154153385,
      0.1473910697014202,
      0.9435383011923288,
      0.9713883679534884
    ],
    [
      0.17837815280069966,
      0.12031595835263018,
      0.9534653466029861,
      0.9794793619894847
    ],
    [
      0.15201515509878488,
      0.10084216894955841,
      0.9611516414737254,
      0.9833489675459226
    ],
    [
      0.13194913507020367,
      0.08493986001716992,
      0.9667926001449374,
      0.9878048774896375
    ],
    [
      0.11395015585866677,
      0.07263759773846638,
      0.9722641999364955,
      0.9901500947032592
    ],
    [
      0.09930393797243058,
      0.06264454042486581,
      0.9771756122235273,
      0.9916744849471616
    ],
    [
      0.08789728669456481,
      0.05381971625628659,
      0.9798853568822037,
      0.9921435280991316
    ],
    [
      0.07835966588394476,
      0.04805143498317609,
      0.9821000520172934,
      0.9926125712511016
    ],
    [
      0.07332241026691436,
      0.04281361606566141,
      0.9837675871918635,
      0.9935506571077272
    ],
    [
      0.06519537900398335,
      0.03837534991105211,
      0.9851615423582195,
      0.9941369610476897
    ],
    [
      0.05831452891882849,
      0.03486646887606908,
      0.9877149556129161,
      0.9951923081396221
    ],
    [
      0.0535541754982756,
      0.031197982447092574,
      0.9889395517567411,
      0.9951923081396221
    ],
    [
      0.04956106558100453,
      0.029282776135636762,
      0.989955706041017,
      0.9955440905035996
    ],
    [
      0.044422511276539074,
      0.026395432490289323,
      0.9915059926858975,
      0.996364916019547
    ],
    [
      0.041496399176414275,
      0.024187844983995743,
      0.9919098488609887,
      0.9967166983835245
    ]
  ],
  "test_history": [
    [
      0.026273508339538305,
      0.9942561746122918
    ]
  ],
  "data": {
    "training": {
      "num_samples": 76760,
      "num_batches": 150
    },
    "validation": {
      "num_samples": 8528,
      "num_batches": 17
    },
    "testing": {
      "num_samples": 1741,
      "num_batches": 4
    }
  }
}