{
  "hyperparameters": {
    "epochs": 25,
    "learning_rate": 0.005,
    "batch_size": 64,
    "optimizer": "SGD",
    "activation": "RELU",
    "dropout": 0.2
  },
  "device": {
    "type": "gpu",
    "parallel": true,
    "devices": [
      {
        "id": 0,
        "device_name": "Tesla V100-SXM2-32GB",
        "total_memory (MB)": 32480.5
      }
    ]
  },
  "metrics": {
    "training_loss": 0.006188528844674175,
    "training_accuracy": 0.9995310057321521,
    "validation_loss": 0.003769294517796214,
    "validation_accuracy": 0.9995309568480301,
    "test_loss": 0.004062870602026616,
    "test_accuracy": 1.0,
    "runtime (secs)": 2489.4943788051605
  },
  "training_history": [
    [
      1.1151406149121235,
      0.30297104648085516,
      0.6731109953038452,
      0.9287054409005628
    ],
    [
      0.2545832257156822,
      0.0769373499430143,
      0.9206618030161955,
      0.9873358348968105
    ],
    [
      0.11873575817946967,
      0.03511166975153767,
      0.9641089108910891,
      0.9947232645403377
    ],
    [
      0.06655376647648058,
      0.020724441835177996,
      0.9808884835852006,
      0.9975375234521576
    ],
    [
      0.04323796499758346,
      0.014012948545237644,
      0.9887180823345493,
      0.9982410881801126
    ],
    [
      0.02997082806058391,
      0.011275316548392205,
      0.9928478374153205,
      0.9988273921200751
    ],
    [
      0.022876336811903385,
      0.009066129267551215,
      0.9952709744658677,
      0.9987101313320825
    ],
    [
      0.018491053631031276,
      0.007527552782706427,
      0.9961698801459093,
      0.99906191369606
    ],
    [
      0.01654152696866808,
      0.006754670089449712,
      0.9964564877540386,
      0.99906191369606
    ],
    [
      0.013746062376201075,
      0.005986133502974519,
      0.9973684210526316,
      0.999296435272045
    ],
    [
      0.011743797983881038,
      0.005650458818976025,
      0.9978634705575821,
      0.99906191369606
    ],
    [
      0.011290785904785442,
      0.004984418290193712,
      0.997824387701928,
      0.9995309568480301
    ],
    [
      0.009362668994840364,
      0.004799393339407601,
      0.9985148514851485,
      0.9994136960600375
    ],
    [
      0.009488676245340815,
      0.00501035078381508,
      0.9986321000521104,
      0.9994136960600375
    ],
    [
      0.00887081845468876,
      0.004122795799212429,
      0.9987102657634185,
      0.9996482176360225
    ],
    [
      0.008434995218389292,
      0.004231402059880699,
      0.9988014590932778,
      0.9994136960600375
    ],
    [
      0.00733564485164399,
      0.004214863951613263,
      0.9991532047941636,
      0.999296435272045
    ],
    [
      0.007627967330847962,
      0.004090284540774003,
      0.9991922876498176,
      0.999296435272045
    ],
    [
      0.007237620158616013,
      0.004090863812931483,
      0.9991141219385097,
      0.9995309568480301
    ],
    [
      0.007101910843607572,
      0.0038192479069192684,
      0.9992313705054716,
      0.9994136960600375
    ],
    [
      0.006612822368310074,
      0.003938600672566198,
      0.9993877019280876,
      0.9995309568480301
    ],
    [
      0.007131861795590237,
      0.003918108752252461,
      0.9992834809796769,
      0.9995309568480301
    ],
    [
      0.006615430144583413,
      0.0037919061492576386,
      0.9994007295466388,
      0.9995309568480301
    ],
    [
      0.006575427395779369,
      0.0038505637176041306,
      0.9994658676393955,
      0.9996482176360225
    ],
    [
      0.006188528844674175,
      0.003769294517796214,
      0.9995310057321521,
      0.9995309568480301
    ]
  ],
  "test_history": [
    [
      0.004062870602026616,
      1.0
    ]
  ],
  "data": {
    "training": {
      "num_samples": 76760,
      "num_batches": 1200
    },
    "validation": {
      "num_samples": 8528,
      "num_batches": 134
    },
    "testing": {
      "num_samples": 1741,
      "num_batches": 28
    }
  }
}