{
  "hyperparameters": {
    "epochs": 25,
    "learning_rate": 0.005,
    "batch_size": 128,
    "optimizer": "SGD",
    "activation": "RELU",
    "dropout": 0.2
  },
  "device": {
    "type": "gpu",
    "parallel": true,
    "devices": [
      {
        "id": 0,
        "device_name": "Tesla V100-SXM2-32GB",
        "total_memory (MB)": 32480.5
      },
      {
        "id": 1,
        "device_name": "Tesla V100-SXM2-32GB",
        "total_memory (MB)": 32480.5
      },
      {
        "id": 2,
        "device_name": "Tesla V100-SXM2-32GB",
        "total_memory (MB)": 32480.5
      },
      {
        "id": 3,
        "device_name": "Tesla V100-SXM2-32GB",
        "total_memory (MB)": 32480.5
      }
    ]
  },
  "metrics": {
    "training_loss": 0.00872668373877005,
    "training_accuracy": 0.9986972381448671,
    "validation_loss": 0.005805718743960473,
    "validation_accuracy": 0.9988273921200751,
    "test_loss": 0.004697354891434278,
    "test_accuracy": 0.9994256174612292,
    "runtime (secs)": 2335.143318414688
  },
  "training_history": [
    [
      2.3456502593762556,
      1.5233405548904448,
      0.3638483585076384,
      0.6228893059279637
    ],
    [
      0.7439869400453543,
      0.3239980380262264,
      0.7776315789163082,
      0.9256566601891008
    ],
    [
      0.2876770756995075,
      0.12919639148810566,
      0.9129364252276816,
      0.9742026264179938
    ],
    [
      0.16010609066085682,
      0.06817623170522544,
      0.9538431474850662,
      0.9885084428885641
    ],
    [
      0.10160328280869842,
      0.04242046837175988,
      0.9722381448795424,
      0.9933161351962564
    ],
    [
      0.07128841642750434,
      0.03050813022966009,
      0.9819567483064096,
      0.9943714822881888
    ],
    [
      0.05482200967296453,
      0.023335812644819827,
      0.9862298072036696,
      0.9957786117440988
    ],
    [
      0.04277091352516565,
      0.018658457341382023,
      0.9894997394476289,
      0.9969512196240238
    ],
    [
      0.03433482979869333,
      0.015876612019695438,
      0.9921313183949974,
      0.9974202627759937
    ],
    [
      0.027256336083141635,
      0.013141549543580686,
      0.994176654507556,
      0.9980065667159562
    ],
    [
      0.023438105222134773,
      0.012125960818542548,
      0.9952188639916624,
      0.9980065666041276
    ],
    [
      0.020958166641492346,
      0.010478926539476996,
      0.9958181344574476,
      0.9987101313320825
    ],
    [
      0.01900432824820606,
      0.009840860547005123,
      0.9965346534653465,
      0.99812382739212
    ],
    [
      0.016211827568333243,
      0.008710793941150687,
      0.9971208963001563,
      0.9989446529080676
    ],
    [
      0.015571830495163107,
      0.0082398744170706,
      0.9972902553413237,
      0.9985928705440901
    ],
    [
      0.014050020178835285,
      0.007730098090031469,
      0.9974856696195935,
      0.9985928705440901
    ],
    [
      0.01329761474553948,
      0.007549910846307846,
      0.9978504429390307,
      0.9985928706559186
    ],
    [
      0.011297050374644988,
      0.006898516285850005,
      0.9982803543512246,
      0.9984756098679262
    ],
    [
      0.011089107255927476,
      0.006595799608564958,
      0.9983715476810839,
      0.9985928705440901
    ],
    [
      0.010575212308978774,
      0.0064884951970702485,
      0.9985278791036999,
      0.9985928705440901
    ],
    [
      0.010445906631667954,
      0.006066029000237556,
      0.998371547693508,
      0.9989446529080676
    ],
    [
      0.009773671608359989,
      0.006243710558141598,
      0.9987363210005211,
      0.9988273921200751
    ],
    [
      0.009558880161261064,
      0.006120281755281211,
      0.9987754038561751,
      0.9988273921200751
    ],
    [
      0.009081708235882608,
      0.0057369061321104,
      0.9987363210005211,
      0.99906191369606
    ],
    [
      0.00872668373877005,
      0.005805718743960473,
      0.9986972381448671,
      0.9988273921200751
    ]
  ],
  "test_history": [
    [
      0.004697354891434278,
      0.9994256174612292
    ]
  ]
}